region_name,first_date,first_price,last_date,last_price,price_gain
Aberdeenshire,2004-01-01,81693.66964,2021-08-01,197417.0753,115723.40566
Adur,1995-01-01,54516.42545,2021-08-01,344315.5944,289799.16895
Allerdale,1995-01-01,44464.03724,2021-08-01,159776.9961,115312.95885999998
Amber Valley,1995-01-01,45424.80814,2021-08-01,206525.4752,161100.66705999998
Angus,2004-01-01,71248.9951,2021-08-01,162207.5676,90958.57250000001
Antrim and Newtownabbey,2005-01-01,114851.5283,2021-08-01,157468.3252,42616.79689999999
Ards and North Down,2005-01-01,130398.5697,2021-08-01,173630.4783,43231.908599999995
Argyll and Bute,2004-01-01,79248.64021,2021-08-01,158460.1748,79211.53459000001
Armagh City Banbridge and Craigavon,2005-01-01,100785.146,2021-08-01,134091.0589,33305.91290000001
Arun,1995-01-01,59473.60257,2021-08-01,324329.7241,264856.12153
Ashfield,1995-01-01,38911.87777,2021-08-01,167914.216,129002.33823
Ashford,1995-01-01,61338.95382,2021-08-01,314726.0859,253387.13208
Babergh,1995-01-01,56527.9818,2021-08-01,314359.6986,257831.7168
Barking and Dagenham,1995-01-01,50460.2266,2021-08-01,334219.3443,283759.1177
Barnet,1995-01-01,93284.51832,2021-08-01,552793.0944,459508.5760799999
Barnsley,1995-01-01,38105.62476,2021-08-01,149055.049,110949.42424
Barrow-in-Furness,1995-01-01,28323.554,2021-08-01,144580.1635,116256.60949999999
Basildon,1995-01-01,52453.42747,2021-08-01,340105.9649,287652.53743
Basingstoke and Deane,1995-01-01,66281.8882,2021-08-01,329428.606,263146.71780000004
Bassetlaw,1995-01-01,43989.74709,2021-08-01,178771.1023,134781.35521
Bath and North East Somerset,1995-01-01,66274.96336,2021-08-01,383537.191,317262.22764
Bedford,1995-01-01,58523.21445,2021-08-01,324369.7536,265846.53914999997
Belfast,2005-01-01,105516.5044,2021-08-01,145337.1083,39820.60389999999
Bexley,1995-01-01,64958.09036,2021-08-01,372338.2445,307380.15414
Birmingham,1995-01-01,44744.7962,2021-08-01,209176.2033,164431.4071
Blaby,1995-01-01,53109.07189,2021-08-01,264701.7339,211592.66201
Blackburn with Darwen,1995-01-01,34363.08939,2021-08-01,135998.3347,101635.24531
Blackpool,1995-01-01,41180.30694,2021-08-01,123014.8102,81834.50326
Blaenau Gwent,1995-01-01,29936.40501,2021-08-01,112343.137,82406.73199
Bolsover,1995-01-01,36171.7489,2021-08-01,154612.5859,118440.837
Bolton,1995-01-01,39191.5524,2021-08-01,164586.131,125394.5786
Boston,1995-01-01,32061.62054,2021-08-01,173304.0603,141242.43976
Bournemouth Christchurch and Poole,1995-01-01,56276.15516,2021-08-01,313983.4107,257707.25554
Bracknell Forest,1995-01-01,71804.47508,2021-08-01,356458.59,284654.11492
Bradford,1995-01-01,41627.772,2021-08-01,156076.1883,114448.41630000001
Braintree,1995-01-01,56731.93319,2021-08-01,303842.9891,247111.05591
Breckland,1995-01-01,49400.94345,2021-08-01,243656.2893,194255.34585
Brent,1995-01-01,71306.56698,2021-08-01,516259.6453,444953.07832
Brentwood,1995-01-01,71824.43924,2021-08-01,452605.9476,380781.50836
Bridgend,1995-01-01,43930.7712,2021-08-01,180907.6863,136976.91509999998
Brighton and Hove,1995-01-01,48170.48359,2021-08-01,388763.6211,340593.13751
Broadland,1995-01-01,54465.40491,2021-08-01,312207.1481,257741.74319
Bromley,1995-01-01,81671.47692,2021-08-01,464888.8829,383217.40598000004
Bromsgrove,1995-01-01,68443.39547,2021-08-01,341130.2532,272686.85773
Broxbourne,1995-01-01,68213.61165,2021-08-01,372051.2342,303837.62255
Broxtowe,1995-01-01,46818.14071,2021-08-01,212742.1877,165924.04699
Buckinghamshire,1995-01-01,83286.70254,2021-08-01,442689.3898,359402.68726000004
Burnley,1995-01-01,28577.9029,2021-08-01,107237.7161,78659.8132
Bury,1995-01-01,43214.49701,2021-08-01,208949.4276,165734.93059
Caerphilly,1995-01-01,37141.63362,2021-08-01,170278.1692,133136.53558
Calderdale,1995-01-01,43907.35887,2021-08-01,166544.3964,122637.03753
Cambridge,1995-01-01,75102.05376,2021-08-01,493296.6238,418194.57004
Cambridgeshire,1995-01-01,57679.98154,2021-08-01,320693.163,263013.18146
Camden,1995-01-01,120932.8881,2021-08-01,949175.1735,828242.2854
Cannock Chase,1995-01-01,40303.2236,2021-08-01,205915.6034,165612.3798
Canterbury,1995-01-01,52524.12226,2021-08-01,339946.3805,287422.25824000005
Cardiff,1995-01-01,48889.62657,2021-08-01,241321.3389,192431.71233
Carlisle,1995-01-01,47332.77361,2021-08-01,154212.319,106879.54538999998
Carmarthenshire,1995-01-01,41902.62603,2021-08-01,179532.9926,137630.36657
Castle Point,1995-01-01,58638.41828,2021-08-01,338831.3221,280192.90382
Causeway Coast and Glens,2005-01-01,120121.3222,2021-08-01,171441.8603,51320.538100000005
Central Bedfordshire,1995-01-01,58694.39557,2021-08-01,334306.6159,275612.22033
Ceredigion,1995-01-01,57798.53963,2021-08-01,217031.1179,159232.57827
Charnwood,1995-01-01,53727.80631,2021-08-01,252614.1368,198886.33049000002
Chelmsford,1995-01-01,60945.73765,2021-08-01,346802.1397,285856.40205
Cheltenham,1995-01-01,54744.34341,2021-08-01,295037.8701,240293.52669
Cherwell,1995-01-01,56269.22417,2021-08-01,337806.9506,281537.72643
Cheshire East,1995-01-01,60944.25556,2021-08-01,262395.2116,201450.95604
Cheshire West and Chester,1995-01-01,55618.54498,2021-08-01,244535.5772,188917.03222
Chesterfield,1995-01-01,43287.2052,2021-08-01,174552.1042,131264.899
Chichester,1995-01-01,78869.49459,2021-08-01,433553.6306,354684.13600999996
Chorley,1995-01-01,47456.27326,2021-08-01,213726.2793,166270.00604
City of Aberdeen,2004-01-01,74957.80571,2021-08-01,150035.223,75077.41729
City of Bristol,1995-01-01,44387.42392,2021-08-01,307523.1321,263135.70817999996
City of Derby,1995-01-01,39857.05033,2021-08-01,180965.8394,141108.78907
City of Dundee,2004-01-01,62773.03483,2021-08-01,147109.2966,84336.26177000001
City of Edinburgh,2004-01-01,140163.7055,2021-08-01,314042.1825,173878.47699999998
City of Glasgow,2004-01-01,80684.59166,2021-08-01,162080.8556,81396.26394
City of Kingston upon Hull,1995-01-01,35361.31648,2021-08-01,121299.869,85938.55252
City of London,1995-01-01,91448.98487,2021-08-01,,
City of Nottingham,1995-01-01,39479.07949,2021-08-01,171762.2445,132283.16501
City of Peterborough,1995-01-01,42472.94119,2021-08-01,214585.5213,172112.58010999998
City of Plymouth,1995-01-01,44862.56689,2021-08-01,197943.868,153081.30111
City of Westminster,1995-01-01,133025.2772,2021-08-01,1000516.433,867491.1558
Clackmannanshire,2004-01-01,69368.92745,2021-08-01,153963.3085,84594.38105000001
Colchester,1995-01-01,57337.43351,2021-08-01,296002.0244,238664.59089
Conwy,1995-01-01,46578.25039,2021-08-01,202485.3136,155907.06321
Copeland,1995-01-01,35010.40029,2021-08-01,132204.4977,97194.09741000002
Cornwall,1995-01-01,47309.83311,2021-08-01,270457.7028,223147.86969000002
Cotswold,1995-01-01,82575.00023,2021-08-01,401732.4997,319157.49947
County Durham,1995-01-01,39405.14545,2021-08-01,120228.4633,80823.31784999999
Coventry,1995-01-01,39860.44158,2021-08-01,204169.6125,164309.17092
Craven,1995-01-01,61485.84076,2021-08-01,245658.9734,184173.13264
Crawley,1995-01-01,58264.67486,2021-08-01,296047.3668,237782.69194000002
Croydon,1995-01-01,69158.16225,2021-08-01,390599.1175,321440.95525
Cumbria,1995-01-01,43620.21765,2021-08-01,175105.0579,131484.84025
Dacorum,1995-01-01,73411.09513,2021-08-01,436905.0287,363493.93357
Darlington,1995-01-01,43137.89555,2021-08-01,147125.3496,103987.45404999999
Dartford,1995-01-01,57074.84391,2021-08-01,327213.3134,270138.46949
Denbighshire,1995-01-01,40578.37406,2021-08-01,181537.6776,140959.30354
Derbyshire,1995-01-01,47044.73901,2021-08-01,206118.2415,159073.50249
Derbyshire Dales,1995-01-01,65439.32712,2021-08-01,307644.5523,242205.22517999998
Derry City and Strabane,2005-01-01,94944.04115,2021-08-01,135175.8211,40231.77995
Devon,1995-01-01,57114.58346,2021-08-01,290213.976,233099.39254000003
Doncaster,1995-01-01,36178.9077,2021-08-01,148850.9444,112672.0367
Dorset,1995-01-01,63066.25943,2021-08-01,314931.1133,251864.85387000002
Dover,1995-01-01,51083.96406,2021-08-01,269791.6945,218707.73043999998
Dudley,1995-01-01,49121.19786,2021-08-01,208498.0476,159376.84973999998
Dumfries and Galloway,2004-01-01,71977.04603,2021-08-01,148546.4157,76569.36967000001
Ealing,1995-01-01,79885.89069,2021-08-01,516709.2414,436823.35071
East Ayrshire,2004-01-01,57307.64944,2021-08-01,114025.7303,56718.080859999995
Eastbourne,1995-01-01,49530.48454,2021-08-01,263330.2224,213799.73786000002
East Cambridgeshire,1995-01-01,59257.6481,2021-08-01,314326.136,255068.4879
East Devon,1995-01-01,66042.38175,2021-08-01,314174.3232,248131.94144999998
East Dunbartonshire,2004-01-01,103474.5138,2021-08-01,243373.7985,139899.28470000002
East Hampshire,1995-01-01,75937.55363,2021-08-01,406692.0858,330754.53217
East Hertfordshire,1995-01-01,75858.98046,2021-08-01,418682.3862,342823.40574
Eastleigh,1995-01-01,55991.78447,2021-08-01,328285.4928,272293.70833
East Lindsey,1995-01-01,47318.30503,2021-08-01,203894.4839,156576.17887
East Lothian,2004-01-01,103045.9257,2021-08-01,284600.2487,181554.32299999997
East Midlands,1968-04-01,3025.670615,2021-08-01,221693.2043,218667.533685
East of England,1992-04-01,57064.56143,2021-08-01,324509.9971,267445.43567
East Renfrewshire,2004-01-01,131040.3731,2021-08-01,275405.7157,144365.3426
East Riding of Yorkshire,1995-01-01,51519.42853,2021-08-01,204772.5481,153253.11957
East Staffordshire,1995-01-01,47477.55347,2021-08-01,207505.5934,160028.03993000003
East Suffolk,1995-01-01,52414.41151,2021-08-01,271702.7695,219288.35799
East Sussex,1995-01-01,55049.74879,2021-08-01,324247.4552,269197.70641000004
Eden,1995-01-01,53606.54012,2021-08-01,220735.2796,167128.73948000002
Elmbridge,1995-01-01,106523.9979,2021-08-01,665920.6189,559396.621
Enfield,1995-01-01,72514.69096,2021-08-01,445554.9301,373040.23913999996
England,1968-04-01,3408.108064,2021-08-01,280920.8811,277512.77303599997
England and Wales,1995-01-01,52623.158,2021-08-01,276179.9306,223556.77260000003
Epping Forest,1995-01-01,83817.99394,2021-08-01,470288.4306,386470.43666
Epsom and Ewell,1995-01-01,85087.71156,2021-08-01,503388.3678,418300.65624000004
Erewash,1995-01-01,41078.25285,2021-08-01,188045.5689,146967.31605000002
Essex,1995-01-01,60219.99211,2021-08-01,343657.587,283437.59489
Exeter,1995-01-01,55110.2612,2021-08-01,280941.2953,225831.0341
Falkirk,2004-01-01,65470.73285,2021-08-01,149888.6188,84417.88595
Fareham,1995-01-01,64397.89796,2021-08-01,333367.6002,268969.70224
Fenland,1995-01-01,40264.85462,2021-08-01,216055.5222,175790.66758
Fermanagh and Omagh,2005-01-01,104874.9802,2021-08-01,139626.1461,34751.16590000001
Fife,2004-01-01,69465.75957,2021-08-01,160198.4667,90732.70713
Flintshire,1995-01-01,46807.09261,2021-08-01,192740.9457,145933.85309000002
Folkestone and Hythe,1995-01-01,49149.69514,2021-08-01,272064.3404,222914.64526
Forest of Dean,1995-01-01,54713.41134,2021-08-01,264292.0249,209578.61356000003
Fylde,1995-01-01,61885.59626,2021-08-01,222911.8082,161026.21194
Gateshead,1995-01-01,41409.9203,2021-08-01,142959.3562,101549.43590000001
Gedling,1995-01-01,49568.38303,2021-08-01,216263.5918,166695.20877
Gloucester,1995-01-01,44735.38561,2021-08-01,223315.5075,178580.12189
Gloucestershire,1995-01-01,58638.95144,2021-08-01,290856.5639,232217.61246
Gosport,1995-01-01,47442.40438,2021-08-01,233243.6252,185801.22082000002
Gravesham,1995-01-01,56280.97436,2021-08-01,318577.1222,262296.14784
Great Britain,2004-01-01,133702.7565,2021-08-01,267503.9787,133801.2222
Greater Manchester,1995-01-01,41238.18885,2021-08-01,205622.4223,164384.23345
Great Yarmouth,1995-01-01,42012.24365,2021-08-01,190467.5663,148455.32265000002
Greenwich,1995-01-01,62300.10169,2021-08-01,420070.0037,357769.90201
Guildford,1995-01-01,83515.19523,2021-08-01,472648.5026,389133.30737
Gwynedd,1995-01-01,39338.74493,2021-08-01,193961.3687,154622.62377
Hackney,1995-01-01,61296.52637,2021-08-01,650940.6174,589644.09103
Halton,1995-01-01,42821.55555,2021-08-01,168447.2605,125625.70495000001
Hambleton,1995-01-01,65269.52015,2021-08-01,260740.966,195471.44585
Hammersmith and Fulham,1995-01-01,124902.8602,2021-08-01,881616.0497,756713.1895
Hampshire,1995-01-01,66682.53835,2021-08-01,352077.8941,285395.35575
Harborough,1995-01-01,65453.66658,2021-08-01,341734.0645,276280.39791999996
Haringey,1995-01-01,76287.56947,2021-08-01,609712.8553,533425.2858300001
Harlow,1995-01-01,56268.65826,2021-08-01,306751.5246,250482.86634
Harrogate,1995-01-01,69797.23415,2021-08-01,305684.9311,235887.69694999998
Harrow,1995-01-01,84769.52599,2021-08-01,455618.5086,370848.98261
Hart,1995-01-01,86147.14671,2021-08-01,441109.6579,354962.51119
Hartlepool,1995-01-01,41813.37967,2021-08-01,122626.2205,80812.84083
Hastings,1995-01-01,33870.96602,2021-08-01,257805.0225,223934.05648
Havant,1995-01-01,59003.6517,2021-08-01,310886.0511,251882.3994
Havering,1995-01-01,68000.13774,2021-08-01,400178.3802,332178.24246
Herefordshire,1995-01-01,59697.71083,2021-08-01,263472.4677,203774.75686999998
Hertfordshire,1995-01-01,73427.75632,2021-08-01,433504.4598,360076.70348
Hertsmere,1995-01-01,76367.30479,2021-08-01,514996.4786,438629.17380999995
Highland,2004-01-01,82229.20724,2021-08-01,184213.8286,101984.62136
High Peak,1995-01-01,57794.5936,2021-08-01,224409.5605,166614.9669
Hillingdon,1995-01-01,73834.82964,2021-08-01,447557.8216,373722.99196
Hinckley and Bosworth,1995-01-01,38596.72617,2021-08-01,246453.0861,207856.35992999998
Horsham,1995-01-01,77288.73634,2021-08-01,424512.2386,347223.50226
Hounslow,1995-01-01,72231.70537,2021-08-01,461280.8443,389049.13893
Huntingdonshire,1995-01-01,53188.50931,2021-08-01,279973.5894,226785.08009
Hyndburn,1995-01-01,32360.20162,2021-08-01,118132.0581,85771.85647999999
Inner London,1995-01-01,78251.9765,2021-08-01,605491.4854,527239.5089
Inverclyde,2004-01-01,75389.4507,2021-08-01,116344.5311,40955.08039999999
Ipswich,1995-01-01,42065.30885,2021-08-01,219276.3736,177211.06475
Isle of Anglesey,1995-01-01,42344.11148,2021-08-01,211175.467,168831.35552
Isle of Wight,1995-01-01,47426.88317,2021-08-01,250246.8452,202819.96203
Islington,1995-01-01,92516.48557,2021-08-01,705046.882,612530.39643
Kensington and Chelsea,1995-01-01,182694.8326,2021-08-01,1450424.954,1267730.1213999998
Kent,1995-01-01,57653.68788,2021-08-01,322197.2405,264543.55262000003
King's Lynn and West Norfolk ,1995-01-01,43953.64181,2021-08-01,243140.8127,199187.17089
Kingston upon Thames,1995-01-01,80875.84843,2021-08-01,530475.6137,449599.76527
Kirklees,1995-01-01,45154.71963,2021-08-01,170637.307,125482.58737
Knowsley,1995-01-01,40907.56329,2021-08-01,160859.2809,119951.71761000002
Lambeth,1995-01-01,67770.98843,2021-08-01,490790.0293,423019.04087
Lancashire,1995-01-01,43793.04012,2021-08-01,171337.4059,127544.36578000002
Lancaster,1995-01-01,47624.64165,2021-08-01,181852.3706,134227.72895
Leeds,1995-01-01,46788.43835,2021-08-01,216580.3462,169791.90785000002
Leicester,1995-01-01,37091.18554,2021-08-01,206497.5029,169406.31736
Leicestershire,1995-01-01,51935.43085,2021-08-01,264083.6794,212148.24855000002
Lewes,1995-01-01,66666.15795,2021-08-01,383067.2297,316401.07175
Lewisham,1995-01-01,60491.26109,2021-08-01,430904.3736,370413.11251
Lichfield,1995-01-01,68439.18585,2021-08-01,290816.1487,222376.96285
Lincoln,1995-01-01,35714.80342,2021-08-01,169114.5016,133399.69818
Lincolnshire,1995-01-01,43770.69184,2021-08-01,207045.8984,163275.20656000002
Lisburn and Castlereagh,2005-01-01,128828.3275,2021-08-01,180067.2599,51238.932400000005
Liverpool,1995-01-01,36590.7557,2021-08-01,164550.0496,127959.29389999999
London,1968-04-01,4418.489911,2021-08-01,525893.186,521474.696089
Luton,1995-01-01,43795.61045,2021-08-01,254748.5815,210952.97105
Maidstone,1995-01-01,63082.01431,2021-08-01,318699.2093,255617.19499
Maldon,1995-01-01,64537.91606,2021-08-01,375496.4676,310958.55153999996
Malvern Hills,1995-01-01,59655.77724,2021-08-01,314063.5937,254407.81646000003
Manchester,1995-01-01,35286.18723,2021-08-01,203835.1926,168549.00537
Mansfield,1995-01-01,38201.41648,2021-08-01,160378.1691,122176.75262
Medway,1995-01-01,47217.97478,2021-08-01,271755.7025,224537.72772000002
Melton,1995-01-01,54246.83727,2021-08-01,271019.3206,216772.48332999996
Mendip,1995-01-01,52801.17031,2021-08-01,313340.3351,260539.16479
Merseyside,1995-01-01,41723.39964,2021-08-01,174997.146,133273.74636
Merthyr Tydfil,1995-01-01,25550.33349,2021-08-01,123862.899,98312.56551
Merton,1995-01-01,82070.6133,2021-08-01,579958.0966,497887.4833000001
Mid and East Antrim,2005-01-01,105865.4089,2021-08-01,142161.2978,36295.888900000005
Mid Devon,1995-01-01,60958.43036,2021-08-01,260924.8919,199966.46154
Middlesbrough,1995-01-01,41100.45322,2021-08-01,124389.0384,83288.58518
Midlothian,2004-01-01,101391.2513,2021-08-01,219921.3446,118530.09330000001
Mid Suffolk,1995-01-01,57065.34337,2021-08-01,288317.3792,231252.03583
Mid Sussex,1995-01-01,76403.2435,2021-08-01,427197.3134,350794.0699
Mid Ulster,2005-01-01,114882.2112,2021-08-01,144691.0139,29808.802699999986
Milton Keynes,1995-01-01,50110.14065,2021-08-01,291346.5399,241236.39924999996
Mole Valley,1995-01-01,101899.7593,2021-08-01,532467.914,430568.15469999996
Monmouthshire,1995-01-01,62510.00794,2021-08-01,294811.2179,232301.20995999998
Moray,2004-01-01,69229.701,2021-08-01,171834.0246,102604.3236
Na h-Eileanan Siar,2004-01-01,39393.14602,2021-08-01,129364.9277,89971.78168
Neath Port Talbot,1995-01-01,36695.02404,2021-08-01,145610.4879,108915.46386000002
Newark and Sherwood,1995-01-01,44781.15368,2021-08-01,213276.7138,168495.56011999998
Newcastle-under-Lyme,1995-01-01,39358.17766,2021-08-01,173803.359,134445.18134
Newcastle upon Tyne,1995-01-01,45235.82,2021-08-01,177877.2254,132641.4054
New Forest,1995-01-01,71438.86629,2021-08-01,393528.9265,322090.06021
Newham,1995-01-01,53539.31919,2021-08-01,379668.0483,326128.72911
Newport,1995-01-01,49472.32324,2021-08-01,208668.5064,159196.18316000002
Newry Mourne and Down,2005-01-01,113420.8802,2021-08-01,161993.8928,48573.0126
Norfolk,1995-01-01,48216.43461,2021-08-01,256001.6281,207785.19349
North Ayrshire,2004-01-01,61545.82799,2021-08-01,122148.0677,60602.23971
North Devon,1995-01-01,48582.71582,2021-08-01,263838.0398,215255.32398000004
North East,1992-04-01,42327.23262,2021-08-01,149041.8298,106714.59718000001
North East Derbyshire,1995-01-01,52095.77877,2021-08-01,220838.0888,168742.31003
North East Lincolnshire,1995-01-01,38534.87942,2021-08-01,138285.2155,99750.33608
Northern Ireland,1968-04-01,3661.4855,2021-08-01,153449.2746,149787.7891
North Hertfordshire,1995-01-01,66401.1747,2021-08-01,374481.8584,308080.68370000005
North Kesteven,1995-01-01,51577.3899,2021-08-01,236508.9938,184931.6039
North Lanarkshire,2004-01-01,58252.83987,2021-08-01,129133.7861,70880.94623
North Lincolnshire,1995-01-01,43784.1332,2021-08-01,170765.7697,126981.63650000001
North Norfolk,1995-01-01,57722.32099,2021-08-01,300855.5537,243133.23270999998
North Northamptonshire,1995-01-01,40484.19125,2021-08-01,244495.5609,204011.36965
North Somerset,1995-01-01,55835.54485,2021-08-01,307732.9845,251897.43965000001
North Tyneside,1995-01-01,43013.07261,2021-08-01,178715.3361,135702.26348999998
Northumberland,1995-01-01,47068.15733,2021-08-01,184927.7461,137859.58876999997
North Warwickshire,1995-01-01,49808.1127,2021-08-01,238737.858,188929.7453
North West,1995-01-01,43958.48001,2021-08-01,194821.0813,150862.60129
North West Leicestershire,1995-01-01,52975.0241,2021-08-01,241385.2391,188410.215
North Yorkshire,1995-01-01,59316.39351,2021-08-01,252146.806,192830.41249000002
Norwich,1995-01-01,36370.85262,2021-08-01,222852.7004,186481.84778
Nottinghamshire,1995-01-01,46309.8188,2021-08-01,205045.5271,158735.7083
Nuneaton and Bedworth,1995-01-01,46348.68738,2021-08-01,204697.8933,158349.20591999998
Oadby and Wigston,1995-01-01,52551.34841,2021-08-01,251130.0063,198578.65789
Oldham,1995-01-01,38133.02942,2021-08-01,170014.3685,131881.33908
Orkney Islands,2004-01-01,68238.88948,2021-08-01,166875.111,98636.22152
Outer London,1995-01-01,72958.79836,2021-08-01,461955.4183,388996.61994
Oxford,1995-01-01,78024.87998,2021-08-01,428298.2892,350273.40922000003
Oxfordshire,1995-01-01,72158.35997,2021-08-01,398883.8959,326725.53593
Pembrokeshire,1995-01-01,45845.43077,2021-08-01,222427.6888,176582.25803
Pendle,1995-01-01,27611.53242,2021-08-01,123491.7028,95880.17038
Perth and Kinross,2004-01-01,102985.0003,2021-08-01,228329.5102,125344.50989999999
Portsmouth,1995-01-01,46287.68093,2021-08-01,227590.2539,181302.57297
Powys,1995-01-01,44711.43239,2021-08-01,216997.6788,172286.24641
Preston,1995-01-01,42913.64587,2021-08-01,145799.19,102885.54413
Reading,1995-01-01,56534.77814,2021-08-01,325230.4407,268695.66255999997
Redbridge,1995-01-01,72189.58437,2021-08-01,457882.9706,385693.38623
Redcar and Cleveland,1995-01-01,45707.87849,2021-08-01,142356.9066,96649.02810999998
Redditch,1995-01-01,56082.67483,2021-08-01,236531.2621,180448.58727
Reigate and Banstead,1995-01-01,78913.01102,2021-08-01,414491.2239,335578.21288
Renfrewshire,2004-01-01,69586.79324,2021-08-01,141488.3025,71901.50925999999
Rhondda Cynon Taf,1995-01-01,34354.22938,2021-08-01,138250.7809,103896.55152000001
Ribble Valley,1995-01-01,65080.86148,2021-08-01,251053.1759,185972.31442
Richmondshire,1995-01-01,53359.70213,2021-08-01,259309.627,205949.92487000002
Richmond upon Thames,1995-01-01,109326.1245,2021-08-01,721808.2307,612482.1061999999
Rochdale,1995-01-01,40347.25076,2021-08-01,168297.8183,127950.56754000002
Rochford,1995-01-01,66272.56568,2021-08-01,405274.5196,339001.95392
Rossendale,1995-01-01,35825.94747,2021-08-01,182249.3277,146423.38023
Rother,1995-01-01,60091.96922,2021-08-01,347887.4979,287795.52868
Rotherham,1995-01-01,40762.82034,2021-08-01,167292.8183,126529.99796000001
Rugby,1995-01-01,52008.8293,2021-08-01,274135.4908,222126.66150000005
Runnymede,1995-01-01,85584.98974,2021-08-01,427929.6059,342344.61616000003
Rushcliffe,1995-01-01,66899.62319,2021-08-01,308108.4994,241208.87620999996
Rushmoor,1995-01-01,59269.76842,2021-08-01,314977.99,255708.22157999998
Rutland,1995-01-01,66802.34329,2021-08-01,349094.2551,282291.91181
Ryedale,1995-01-01,57490.53187,2021-08-01,282231.5765,224741.04463000002
Salford,1995-01-01,38040.96118,2021-08-01,200513.5866,162472.62542
Sandwell,1995-01-01,36165.94461,2021-08-01,176751.9186,140585.97399
Scarborough,1995-01-01,50664.89137,2021-08-01,190202.8206,139537.92923
Scotland,1968-04-01,2844.980688,2021-08-01,180831.6078,177986.627112
Scottish Borders,2004-01-01,81690.78982,2021-08-01,194509.166,112818.37617999999
Sedgemoor,1995-01-01,54189.27316,2021-08-01,261861.6893,207672.41614
Sefton,1995-01-01,48244.60666,2021-08-01,188245.8629,140001.25624000002
Selby,1995-01-01,54230.66326,2021-08-01,237040.8924,182810.22914
Sevenoaks,1995-01-01,92438.17901,2021-08-01,457995.7108,365557.53179
Sheffield,1995-01-01,41124.29079,2021-08-01,192235.5512,151111.26041
Shetland Islands,2004-01-01,61483.22782,2021-08-01,156242.2933,94759.06547999999
Shropshire,1995-01-01,53764.20145,2021-08-01,255155.5697,201391.36825
Slough,1995-01-01,54250.70947,2021-08-01,321047.9125,266797.20303
Solihull,1995-01-01,69825.53173,2021-08-01,307239.4091,237413.87737
Somerset,1995-01-01,53550.3911,2021-08-01,270093.2312,216542.84009999997
Somerset West and Taunton,1995-01-01,55860.60997,2021-08-01,260392.8657,204532.25573
Southampton,1995-01-01,44624.42167,2021-08-01,220826.3877,176201.96602999998
South Ayrshire,2004-01-01,78758.49403,2021-08-01,165119.4138,86360.91977000001
South Cambridgeshire,1995-01-01,74489.5639,2021-08-01,396531.1853,322041.6214
South Derbyshire,1995-01-01,46770.46976,2021-08-01,219287.2278,172516.75804
South East,1992-04-01,63990.90311,2021-08-01,358069.7588,294078.85569
Southend-on-Sea,1995-01-01,46520.95415,2021-08-01,322656.0326,276135.07845
South Gloucestershire,1995-01-01,53672.9969,2021-08-01,321084.4643,267411.46739999996
South Hams,1995-01-01,63340.40883,2021-08-01,345529.4592,282189.05036999995
South Holland,1995-01-01,41881.66298,2021-08-01,220610.431,178728.76802000002
South Kesteven,1995-01-01,48514.51807,2021-08-01,229241.8775,180727.35943
South Lakeland,1995-01-01,58326.96747,2021-08-01,264578.512,206251.54452999998
South Lanarkshire,2004-01-01,70049.21792,2021-08-01,152071.9898,82022.77188000001
South Norfolk,1995-01-01,59325.57471,2021-08-01,290836.0143,231510.43958999997
South Oxfordshire,1995-01-01,80614.41333,2021-08-01,479651.492,399037.07867
South Ribble,1995-01-01,53955.62083,2021-08-01,197124.7355,143169.11467
South Somerset,1995-01-01,50746.50283,2021-08-01,260039.5189,209293.01607
South Staffordshire,1995-01-01,63099.62813,2021-08-01,271004.1777,207904.54957
South Tyneside,1995-01-01,40316.41116,2021-08-01,149469.6136,109153.20244000001
Southwark,1995-01-01,67885.20344,2021-08-01,538854.9873,470969.78386
South West,1968-04-01,3468.159279,2021-08-01,288658.3164,285190.157121
South Yorkshire,1995-01-01,39196.7378,2021-08-01,168959.7994,129763.06159999999
Spelthorne,1995-01-01,78910.79182,2021-08-01,380882.4468,301971.65498
Stafford,1995-01-01,54732.02747,2021-08-01,235323.9145,180591.88703
Staffordshire,1995-01-01,49865.47367,2021-08-01,221710.4969,171845.02323
Staffordshire Moorlands,1995-01-01,47642.92861,2021-08-01,205333.7649,157690.83629
St Albans,1995-01-01,90064.72019,2021-08-01,588253.6397,498188.91951000004
Stevenage,1995-01-01,50892.16889,2021-08-01,302341.8844,251449.71550999998
St Helens,1995-01-01,42535.08041,2021-08-01,159784.1722,117249.09179
Stirling,2004-01-01,118836.2645,2021-08-01,232645.6044,113809.3399
Stockport,1995-01-01,54067.87907,2021-08-01,266610.0662,212542.18713
Stockton-on-Tees,1995-01-01,46068.1865,2021-08-01,155191.6073,109123.42079999999
Stoke-on-Trent,1995-01-01,30850.03691,2021-08-01,133456.7449,102606.70799
Stratford-on-Avon,1995-01-01,79858.83342,2021-08-01,379731.6152,299872.78178
Stroud,1995-01-01,63960.94919,2021-08-01,305359.4761,241398.52691000002
Suffolk,1995-01-01,51644.70991,2021-08-01,272839.3641,221194.65419
Sunderland,1995-01-01,37221.66088,2021-08-01,132345.0101,95123.34922
Surrey,1995-01-01,87523.54351,2021-08-01,479628.6284,392105.08489
Surrey Heath,1995-01-01,86451.21262,2021-08-01,440541.072,354089.85938
Sutton,1995-01-01,71536.97357,2021-08-01,401755.5966,330218.62303
Swale,1995-01-01,52564.09029,2021-08-01,270881.6639,218317.57361
Swansea,1995-01-01,44364.77244,2021-08-01,171648.9792,127284.20676
Swindon,1995-01-01,53059.64427,2021-08-01,236393.9054,183334.26113
Tameside,1995-01-01,36878.38575,2021-08-01,185329.9124,148451.52665
Tamworth,1995-01-01,46313.26448,2021-08-01,217594.4129,171281.14841999998
Tandridge,1995-01-01,91913.42388,2021-08-01,531216.9831,439303.55921999994
Teignbridge,1995-01-01,55002.55935,2021-08-01,283716.2369,228713.67755000002
Telford and Wrekin,1995-01-01,42764.58182,2021-08-01,198852.8645,156088.28268
Tendring,1995-01-01,47076.91735,2021-08-01,257165.7298,210088.81245
Test Valley,1995-01-01,69371.42305,2021-08-01,362996.6193,293625.19625000004
Tewkesbury,1995-01-01,64981.07121,2021-08-01,310229.4431,245248.37188999998
Thanet,1995-01-01,40762.41986,2021-08-01,279203.8215,238441.40164000003
Three Rivers,1995-01-01,98566.98454,2021-08-01,555716.6155,457149.63096
Thurrock,1995-01-01,50010.6946,2021-08-01,298107.3764,248096.68180000002
Tonbridge and Malling,1995-01-01,71460.31531,2021-08-01,394033.2951,322572.97979
Torbay,1995-01-01,48328.93309,2021-08-01,221445.3747,173116.44160999998
Torfaen,1995-01-01,38182.93761,2021-08-01,183640.0648,145457.12719
Torridge,1995-01-01,49982.53685,2021-08-01,267841.4823,217858.94544999997
Tower Hamlets,1995-01-01,59865.18995,2021-08-01,555875.9365,496010.7465499999
Trafford,1995-01-01,57980.7598,2021-08-01,338649.8438,280669.084
Tunbridge Wells,1995-01-01,72423.40489,2021-08-01,418113.9878,345690.58291
Tyne and Wear,1995-01-01,41448.87399,2021-08-01,157162.6072,115713.73321
United Kingdom,1968-04-01,3594.602239,2021-08-01,264244.2752,260649.67296099997
Uttlesford,1995-01-01,87405.77267,2021-08-01,449436.9772,362031.20453
Vale of Glamorgan,1995-01-01,50991.9434,2021-08-01,277082.4627,226090.51929999999
Vale of White Horse,1995-01-01,77330.59836,2021-08-01,390938.684,313608.08564
Wakefield,1995-01-01,45553.8392,2021-08-01,178467.9322,132914.093
Wales,1968-04-01,2885.414162,2021-08-01,194575.444,191690.029838
Walsall,1995-01-01,45411.90214,2021-08-01,200038.2824,154626.38026
Waltham Forest,1995-01-01,61319.44913,2021-08-01,495405.1468,434085.69766999997
Wandsworth,1995-01-01,88559.04381,2021-08-01,637840.6355,549281.5916899999
Warrington,1995-01-01,53335.29055,2021-08-01,228970.4062,175635.11565
Warwick,1995-01-01,67069.05305,2021-08-01,331836.6765,264767.62345
Warwickshire,1995-01-01,59523.52686,2021-08-01,288985.2694,229461.74254
Watford,1995-01-01,65358.39165,2021-08-01,367443.3889,302084.99725
Waverley,1995-01-01,91866.6525,2021-08-01,499608.1104,407741.45790000004
Wealden,1995-01-01,70553.96156,2021-08-01,382697.2918,312143.33024000004
Welwyn Hatfield,1995-01-01,72142.68575,2021-08-01,422886.5138,350743.82805
West Berkshire,1995-01-01,75778.19078,2021-08-01,363887.1173,288108.92652
West Devon,1995-01-01,59288.70616,2021-08-01,300844.2468,241555.54064000002
West Dunbartonshire,2004-01-01,59447.92518,2021-08-01,126285.8611,66837.93591999999
West Lancashire,1995-01-01,52891.50258,2021-08-01,205739.6571,152848.15452
West Lindsey,1995-01-01,47096.04654,2021-08-01,190878.9493,143782.90276
West Lothian,2004-01-01,82818.74601,2021-08-01,193320.379,110501.63298999998
West Midlands,1995-01-01,45090.91026,2021-08-01,209517.9109,164427.00063999998
West Midlands Region,1968-04-01,3328.858802,2021-08-01,228592.9283,225264.069498
West Northamptonshire,1995-01-01,51282.78515,2021-08-01,269153.6003,217870.81514999998
West Oxfordshire,1995-01-01,75431.91809,2021-08-01,365626.4471,290194.52901
West Suffolk,1995-01-01,53503.48025,2021-08-01,294049.3666,240545.88635000002
West Sussex,1995-01-01,65002.27644,2021-08-01,363617.2184,298614.94196
West Yorkshire,1995-01-01,44582.79981,2021-08-01,183484.1901,138901.39029
Wigan,1995-01-01,39925.37699,2021-08-01,162501.7555,122576.37851000001
Wiltshire,1995-01-01,66295.75565,2021-08-01,303915.5626,237619.80695
Winchester,1995-01-01,84727.8452,2021-08-01,453746.0957,369018.2505
Windsor and Maidenhead,1995-01-01,96338.32976,2021-08-01,503482.6067,407144.27694
Wirral,1995-01-01,43574.89353,2021-08-01,188221.3456,144646.45207
Woking,1995-01-01,80781.23668,2021-08-01,445086.5274,364305.29072000005
Wokingham,1995-01-01,87354.11051,2021-08-01,426273.9189,338919.80839
Wolverhampton,1995-01-01,40828.73388,2021-08-01,175362.4602,134533.72632000002
Worcester,1995-01-01,47392.61779,2021-08-01,233951.8684,186559.25061000002
Worcestershire,1995-01-01,57568.84958,2021-08-01,280101.0252,222532.17561999997
Worthing,1995-01-01,52047.16697,2021-08-01,309349.5361,257302.36913000004
Wrexham,1995-01-01,46228.36134,2021-08-01,190357.8998,144129.53846
Wychavon,1995-01-01,68571.03489,2021-08-01,334616.7832,266045.74831
Wyre,1995-01-01,54934.17104,2021-08-01,170000.0048,115065.83376
Wyre Forest,1995-01-01,48334.54374,2021-08-01,229481.5594,181147.01566
York,1995-01-01,56382.41699,2021-08-01,284749.865,228367.44801
Yorkshire and The Humber,1968-04-01,2712.015577,2021-08-01,185968.454,183256.43842299999
